main_character,character,line_no,line_type,word,main_character_word
TRUE,Gossip Girl,2,voice over,hey,FALSE
TRUE,Gossip Girl,2,voice over,upper,FALSE
TRUE,Gossip Girl,2,voice over,east,FALSE
TRUE,Gossip Girl,2,voice over,siders,FALSE
TRUE,Gossip Girl,2,voice over,gossip girl,TRUE
TRUE,Gossip Girl,2,voice over,biggest,FALSE
TRUE,Gossip Girl,2,voice over,news,FALSE
TRUE,Gossip Girl,2,voice over,sources,FALSE
TRUE,Gossip Girl,2,voice over,melanie91,FALSE
TRUE,Gossip Girl,2,voice over,sends,FALSE
TRUE,Gossip Girl,2,voice over,spotted,FALSE
TRUE,Gossip Girl,2,voice over,grand,FALSE
TRUE,Gossip Girl,2,voice over,central,FALSE
TRUE,Gossip Girl,2,voice over,bags,FALSE
TRUE,Gossip Girl,2,voice over,hand,FALSE
TRUE,Gossip Girl,2,voice over,serena,TRUE
TRUE,Gossip Girl,2,voice over,van,FALSE
TRUE,Gossip Girl,2,voice over,der,FALSE
TRUE,Gossip Girl,2,voice over,woodsen,FALSE
TRUE,Gossip Girl,2,voice over,ago,FALSE
TRUE,Gossip Girl,2,voice over,girl,FALSE
TRUE,Gossip Girl,2,voice over,mysteriously,FALSE
TRUE,Gossip Girl,2,voice over,disappeared,FALSE
TRUE,Gossip Girl,2,voice over,quote,FALSE
TRUE,Gossip Girl,2,voice over,boarding,FALSE
TRUE,Gossip Girl,2,voice over,school,FALSE
TRUE,Gossip Girl,2,voice over,suddenly,FALSE
TRUE,Gossip Girl,2,voice over,lucky,FALSE
TRUE,Gossip Girl,2,voice over,melanie91,FALSE
TRUE,Gossip Girl,2,voice over,proof,FALSE
TRUE,Gossip Girl,2,voice over,photo,FALSE
TRUE,Gossip Girl,2,voice over,mel,FALSE
TRUE,Rufus,4,lines,dan,TRUE
TRUE,Rufus,4,lines,jenny,TRUE
TRUE,Jenny,5,lines,hey,FALSE
TRUE,Jenny,5,lines,dad,FALSE
TRUE,Rufus,6,lines,hey,FALSE
TRUE,Rufus,6,lines,hey,FALSE
TRUE,Rufus,6,lines,weekend,FALSE
TRUE,Rufus,6,lines,mom,FALSE
TRUE,Dan,7,lines,fine,FALSE
TRUE,Jenny,8,lines,fine,FALSE
TRUE,Jenny,8,lines,guess,FALSE
TRUE,Dan,9,lines,fine,FALSE
TRUE,Rufus,10,lines,left,FALSE
TRUE,Rufus,10,lines,manhatten,FALSE
TRUE,Rufus,10,lines,fine,FALSE
TRUE,Rufus,10,lines,taking,FALSE
TRUE,Rufus,10,lines,time,FALSE
TRUE,Rufus,10,lines,marriage,FALSE
TRUE,Rufus,10,lines,idea,FALSE
TRUE,Rufus,10,lines,fine,FALSE
TRUE,Dan,11,lines,dad,FALSE
TRUE,Dan,11,lines,starving,FALSE
TRUE,Rufus,12,lines,home,FALSE
TRUE,Rufus,12,lines,cooking,FALSE
TRUE,Rufus,12,lines,caprese,FALSE
TRUE,Rufus,12,lines,salad,FALSE
TRUE,Rufus,12,lines,mozzarella,FALSE
TRUE,Rufus,12,lines,di,FALSE
TRUE,Rufus,12,lines,bufala,FALSE
TRUE,Rufus,12,lines,yeah,FALSE
TRUE,Rufus,12,lines,gonna,FALSE
TRUE,Rufus,12,lines,guys,FALSE
TRUE,Gossip Girl,14,voice over,spotted,FALSE
TRUE,Gossip Girl,14,voice over,lonely,FALSE
TRUE,Gossip Girl,14,voice over,boy,FALSE
TRUE,Gossip Girl,14,voice over,love,FALSE
TRUE,Gossip Girl,14,voice over,life,FALSE
TRUE,Gossip Girl,14,voice over,returned,FALSE
TRUE,Gossip Girl,14,voice over,serena,TRUE
TRUE,Gossip Girl,14,voice over,talking,FALSE
TRUE,Gossip Girl,16,voice over,blair,TRUE
TRUE,Gossip Girl,16,voice over,waldorf,FALSE
TRUE,Gossip Girl,16,voice over,bffs,FALSE
TRUE,Gossip Girl,16,voice over,blair,TRUE
TRUE,Gossip Girl,16,voice over,boyfriend,FALSE
TRUE,Gossip Girl,16,voice over,nate,TRUE
TRUE,Gossip Girl,16,voice over,serena,TRUE
FALSE,Eleanor,18,lines,design,FALSE
FALSE,Eleanor,18,lines,dress,FALSE
FALSE,Eleanor,18,lines,woman,FALSE
FALSE,Eleanor,20,lines,blair,TRUE
FALSE,Eleanor,20,lines,gonna,FALSE
FALSE,Eleanor,20,lines,wear,FALSE
FALSE,Eleanor,20,lines,designs,FALSE
FALSE,Eleanor,20,lines,properly,FALSE
FALSE,Eleanor,20,lines,fitted,FALSE
TRUE,Blair,22,lines,mom,FALSE
TRUE,Blair,22,lines,mind,FALSE
TRUE,Blair,22,lines,party,FALSE
FALSE,Eleanor,24,lines,advertisement,FALSE
FALSE,Party Guest,26,lines,nate,TRUE
FALSE,Party Guest,26,lines,started,FALSE
FALSE,Party Guest,26,lines,thinking,FALSE
FALSE,Party Guest,26,lines,college,FALSE
FALSE,Howie,27,lines,dartmouth,FALSE
TRUE,Nate,28,lines,dad,FALSE
TRUE,Nate,28,lines,spoken,FALSE
TRUE,Nate,28,lines,highly,FALSE
TRUE,Nate,28,lines,dartmouth,FALSE
TRUE,Nate,28,lines,check,FALSE
TRUE,Nate,28,lines,west,FALSE
TRUE,Nate,28,lines,usc,FALSE
TRUE,Nate,28,lines,ucla,FALSE
FALSE,Howie,29,lines,mother,FALSE
FALSE,Howie,29,lines,hear,FALSE
FALSE,Howie,29,lines,dartmouth,FALSE
TRUE,Nate,30,lines,dartmouth,FALSE
TRUE,Nate,30,lines,choice,FALSE
TRUE,Blair,32,lines,excuse,FALSE
TRUE,Blair,32,lines,captain,FALSE
TRUE,Blair,32,lines,nate,TRUE
TRUE,Blair,32,lines,borrow,FALSE
TRUE,Nate,33,lines,eh,FALSE
TRUE,Nate,33,lines,excuse,FALSE
TRUE,Chuck,35,lines,nathaniel,FALSE
TRUE,Chuck,35,lines,fresh,FALSE
TRUE,Chuck,35,lines,air,FALSE
TRUE,Blair,41,lines,wanna,FALSE
TRUE,Nate,42,lines,wait,FALSE
TRUE,Blair,43,lines,anymore,FALSE
TRUE,Gossip Girl,44,voice over,lock,FALSE
TRUE,Gossip Girl,44,voice over,nate,TRUE
TRUE,Gossip Girl,44,voice over,blair,TRUE
TRUE,Gossip Girl,44,voice over,clock,FALSE
TRUE,Gossip Girl,44,voice over,ticking,FALSE
FALSE,Katy,46,lines,god,FALSE
FALSE,Katy,46,lines,gossip girl,TRUE
FALSE,Isabel,47,lines,serena,TRUE
FALSE,Isabel,47,lines,train,FALSE
FALSE,Isabel,47,lines,grand,FALSE
FALSE,Isabel,47,lines,central,FALSE
TRUE,Chuck,48,lines,dull,FALSE
TRUE,Blair,52,lines,love,FALSE
TRUE,Blair,52,lines,nate,TRUE
TRUE,Blair,52,lines,archibald,FALSE
TRUE,Nate,53,lines,love,FALSE
FALSE,Eleanor,55,lines,serena,TRUE
FALSE,Eleanor,55,lines,van,FALSE
FALSE,Eleanor,55,lines,der,FALSE
FALSE,Eleanor,55,lines,woodsen,FALSE
FALSE,Eleanor,57,lines,blair,TRUE
FALSE,Eleanor,57,lines,serena,TRUE
TRUE,Nate,58,lines,serena,TRUE
TRUE,Blair,59,lines,serena,TRUE
TRUE,Blair,59,lines,school,FALSE
TRUE,Blair,59,lines,kiss,FALSE
TRUE,Nate,60,lines,heard,FALSE
TRUE,Nate,60,lines,mom,FALSE
TRUE,Nate,60,lines,wanna,FALSE
TRUE,Nate,60,lines,hey,FALSE
TRUE,Blair,62,lines,yeah,FALSE
TRUE,Blair,62,lines,totally,FALSE
FALSE,Party Guests,64,lines,heard,FALSE
FALSE,Party Guests,64,lines,pregnant,FALSE
FALSE,Party Guests,64,lines,rehab,FALSE
TRUE,Lily,66,lines,told,FALSE
TRUE,Lily,66,lines,forget,FALSE
TRUE,Lily,66,lines,care,FALSE
TRUE,Lily,66,lines,mahogany,FALSE
TRUE,Lily,66,lines,clashes,FALSE
TRUE,Lily,66,lines,sofa,FALSE
TRUE,Serena,67,lines,mom,FALSE
TRUE,Serena,67,lines,mom,FALSE
TRUE,Serena,67,lines,hey,FALSE
TRUE,Lily,68,lines,serena,TRUE
TRUE,Lily,68,lines,darling,FALSE
TRUE,Lily,71,lines,discuss,FALSE
TRUE,Lily,71,lines,friends,FALSE
TRUE,Blair,74,lines,serena,TRUE
TRUE,Blair,76,lines,dinner,FALSE
FALSE,Eleanor,77,lines,set,FALSE
FALSE,Eleanor,77,lines,table,FALSE
FALSE,Eleanor,77,lines,blair,TRUE
TRUE,Serena,78,lines,yeah,FALSE
TRUE,Blair,79,lines,leaving,FALSE
TRUE,Serena,80,lines,yeah,FALSE
TRUE,Serena,80,lines,feel,FALSE
TRUE,Serena,80,lines,school,FALSE
TRUE,Serena,80,lines,tomorrow,FALSE
TRUE,Blair,82,lines,school,FALSE
TRUE,Blair,82,lines,guess,FALSE
FALSE,Katy,83,lines,coming,FALSE
TRUE,Blair,84,lines,surprise,FALSE
TRUE,Gossip Girl,85,voice over,word,FALSE
TRUE,Gossip Girl,85,voice over,serena,TRUE
TRUE,Gossip Girl,85,voice over,bailed,FALSE
TRUE,Gossip Girl,85,voice over,blair,TRUE
TRUE,Gossip Girl,85,voice over,party,FALSE
TRUE,Gossip Girl,85,voice over,90,FALSE
TRUE,Gossip Girl,85,voice over,lemochello,FALSE
TRUE,Gossip Girl,85,voice over,bad,FALSE
TRUE,Gossip Girl,85,voice over,girl,FALSE
TRUE,Gossip Girl,85,voice over,act,FALSE
FALSE,Nurse,87,lines,lady,FALSE
FALSE,Nurse,87,lines,visiting,FALSE
FALSE,Nurse,87,lines,hours,FALSE
TRUE,Serena,88,lines,family,FALSE
TRUE,Serena,88,lines,brother,FALSE
TRUE,Gossip Girl,90,voice over,why'd,FALSE
TRUE,Gossip Girl,90,voice over,leave,FALSE
TRUE,Gossip Girl,90,voice over,why'd,FALSE
TRUE,Gossip Girl,90,voice over,return,FALSE
TRUE,Gossip Girl,90,voice over,send,FALSE
TRUE,Gossip Girl,90,voice over,deets,FALSE
TRUE,Gossip Girl,90,voice over,secret,FALSE
TRUE,Gossip Girl,90,voice over,love,FALSE
TRUE,Gossip Girl,90,voice over,xoxo,FALSE
TRUE,Gossip Girl,90,voice over,gossip girl,TRUE
FALSE,Erik,92,lines,serena,TRUE
FALSE,Erik,92,lines,serena,TRUE
FALSE,Erik,92,lines,hey,FALSE
TRUE,Serena,93,lines,hey,FALSE
TRUE,Serena,95,lines,erik,FALSE
TRUE,Serena,95,lines,terrible,FALSE
TRUE,Serena,95,lines,sister,FALSE
TRUE,Serena,95,lines,happy,FALSE
FALSE,Erik,96,lines,lot,FALSE
FALSE,Erik,96,lines,rumours,FALSE
TRUE,Serena,97,lines,yeah,FALSE
TRUE,Serena,97,lines,mentioned,FALSE
FALSE,Erik,98,lines,mom,FALSE
FALSE,Erik,98,lines,hm,FALSE
TRUE,Lily,100,lines,baby,FALSE
TRUE,Lily,100,lines,serena,TRUE
TRUE,Lily,100,lines,sleeping,FALSE
TRUE,Lily,100,lines,bed,FALSE
TRUE,Lily,100,lines,possibly,FALSE
TRUE,Lily,100,lines,wearing,FALSE
TRUE,Lily,100,lines,pajamas,FALSE
TRUE,Serena,101,lines,morning,FALSE
TRUE,Serena,101,lines,mom,FALSE
TRUE,Serena,101,lines,hey,FALSE
TRUE,Serena,101,lines,doctor,FALSE
TRUE,Serena,101,lines,erik,FALSE
TRUE,Serena,101,lines,breakfast,FALSE
TRUE,Serena,101,lines,wanna,FALSE
TRUE,Lily,102,lines,ehm,FALSE
TRUE,Lily,102,lines,croissant,FALSE
TRUE,Lily,102,lines,street,FALSE
FALSE,Erik,104,lines,serena,TRUE
TRUE,Serena,105,lines,guess,FALSE
TRUE,Serena,105,lines,told,FALSE
TRUE,Serena,105,lines,erik,FALSE
TRUE,Serena,105,lines,visiting,FALSE
TRUE,Serena,105,lines,grandpa,FALSE
TRUE,Serena,105,lines,rhode,FALSE
TRUE,Serena,105,lines,island,FALSE
TRUE,Lily,106,lines,aunt,FALSE
TRUE,Lily,106,lines,carol,FALSE
TRUE,Lily,106,lines,miami,FALSE
TRUE,Serena,107,lines,hiding,FALSE
TRUE,Serena,107,lines,life,FALSE
TRUE,Serena,107,lines,worried,FALSE
TRUE,Serena,107,lines,cost,FALSE
TRUE,Serena,107,lines,mom,FALSE
TRUE,Lily,108,lines,serena,TRUE
TRUE,Lily,108,lines,god,FALSE
TRUE,Serena,109,lines,told,FALSE
TRUE,Serena,109,lines,boarding,FALSE
TRUE,Serena,109,lines,school,FALSE
TRUE,Lily,110,lines,happy,FALSE
TRUE,Lily,110,lines,home,FALSE
TRUE,Lily,110,lines,idea,FALSE
TRUE,Rufus,112,lines,guess,FALSE
TRUE,Rufus,112,lines,dad,FALSE
TRUE,Rufus,112,lines,cool,FALSE
TRUE,Jenny,113,lines,trick,FALSE
TRUE,Jenny,113,lines,question,FALSE
TRUE,Dan,114,lines,yeah,FALSE
TRUE,Dan,117,lines,top,FALSE
TRUE,Dan,117,lines,10,FALSE
TRUE,Dan,117,lines,forgotten,FALSE
TRUE,Dan,117,lines,bands,FALSE
TRUE,Dan,117,lines,90s,FALSE
TRUE,Rufus,118,lines,yeah,FALSE
TRUE,Rufus,118,lines,check,FALSE
TRUE,Jenny,119,lines,proud,FALSE
TRUE,Dan,120,lines,hey,FALSE
TRUE,Dan,120,lines,hey,FALSE
TRUE,Dan,120,lines,forgotten,FALSE
TRUE,Rufus,121,lines,remembered,FALSE
TRUE,Jenny,122,lines,care,FALSE
TRUE,Jenny,122,lines,dad,FALSE
TRUE,Jenny,122,lines,band,FALSE
TRUE,Jenny,122,lines,gossip girl,TRUE
TRUE,Dan,123,lines,read,FALSE
TRUE,Dan,123,lines,gossip girl,TRUE
TRUE,Dan,123,lines,chicks,FALSE
TRUE,Jenny,124,lines,laptop,FALSE
TRUE,Jenny,124,lines,night,FALSE
TRUE,Jenny,124,lines,read,FALSE
TRUE,Jenny,124,lines,serena,TRUE
TRUE,Jenny,124,lines,van,FALSE
TRUE,Jenny,124,lines,der,FALSE
TRUE,Jenny,124,lines,woodsen,FALSE
TRUE,Dan,126,lines,holy,FALSE
TRUE,Dan,126,lines,stone,FALSE
TRUE,Dan,126,lines,wow,FALSE
TRUE,Dan,126,lines,dad,FALSE
TRUE,Dan,126,lines,cool,FALSE
TRUE,Dan,126,lines,hot,FALSE
TRUE,Rufus,127,lines,hey,FALSE
TRUE,Jenny,128,lines,called,FALSE
TRUE,Jenny,128,lines,kiss,FALSE
TRUE,Jenny,128,lines,lips,FALSE
TRUE,Jenny,128,lines,party,FALSE
TRUE,Dan,129,lines,invited,FALSE
TRUE,Dan,131,lines,offense,FALSE
TRUE,Dan,131,lines,sound,FALSE
TRUE,Dan,131,lines,surprised,FALSE
TRUE,Dan,131,lines,invited,FALSE
TRUE,Jenny,132,lines,girls,FALSE
TRUE,Jenny,132,lines,art,FALSE
TRUE,Jenny,132,lines,class,FALSE
TRUE,Jenny,132,lines,calligraphy,FALSE
TRUE,Jenny,132,lines,addressed,FALSE
TRUE,Jenny,132,lines,invitations,FALSE
TRUE,Rufus,133,lines,sounds,FALSE
TRUE,Rufus,133,lines,fair,FALSE
TRUE,Rufus,133,lines,sweatshops,FALSE
TRUE,Rufus,133,lines,learn,FALSE
TRUE,Jenny,134,lines,dad,FALSE
TRUE,Jenny,134,lines,platform,FALSE
TRUE,Jenny,134,lines,capitalization,FALSE
TRUE,Jenny,134,lines,private,FALSE
TRUE,Jenny,134,lines,schools,FALSE
TRUE,Rufus,135,lines,education,FALSE
TRUE,Jenny,136,lines,anonymous,FALSE
TRUE,Jenny,136,lines,losers,FALSE
TRUE,Jenny,136,lines,eat,FALSE
TRUE,Jenny,136,lines,lunch,FALSE
TRUE,Jenny,136,lines,invited,FALSE
TRUE,Jenny,136,lines,parties,FALSE
TRUE,Jenny,138,lines,mom,FALSE
TRUE,Jenny,138,lines,idea,FALSE
TRUE,Rufus,139,lines,judgment,FALSE
TRUE,Rufus,139,lines,sound,FALSE
TRUE,Rufus,139,lines,jenny,TRUE
TRUE,Rufus,139,lines,wanna,FALSE
TRUE,Rufus,139,lines,party,FALSE
TRUE,Rufus,139,lines,kids,FALSE
TRUE,Rufus,139,lines,fun,FALSE
TRUE,Serena,141,lines,nate,TRUE
TRUE,Nate,142,lines,hey,FALSE
TRUE,Nate,142,lines,uhm,FALSE
TRUE,Nate,142,lines,mom,FALSE
TRUE,Nate,142,lines,told,FALSE
TRUE,Nate,142,lines,guys,FALSE
TRUE,Nate,142,lines,staying,FALSE
TRUE,Nate,142,lines,palace,FALSE
TRUE,Serena,143,lines,yeah,FALSE
TRUE,Serena,143,lines,renovating,FALSE
TRUE,Serena,143,lines,mom,FALSE
TRUE,Serena,143,lines,broke,FALSE
TRUE,Serena,143,lines,break,FALSE
TRUE,Nate,144,lines,upset,FALSE
TRUE,Nate,144,lines,night,FALSE
TRUE,Serena,145,lines,change,FALSE
TRUE,Serena,145,lines,school,FALSE
TRUE,Serena,145,lines,gonna,FALSE
TRUE,Serena,145,lines,late,FALSE
TRUE,Nate,146,lines,serena,TRUE
TRUE,Serena,149,lines,blair,TRUE
TRUE,Serena,149,lines,friend,FALSE
TRUE,Serena,149,lines,boyfriend,FALSE
TRUE,Serena,149,lines,loves,FALSE
TRUE,Serena,149,lines,supposed,FALSE
FALSE,Taxi Driver,151,lines,hey,FALSE
FALSE,Taxi Driver,151,lines,watch,FALSE
TRUE,Chuck,153,lines,serena,TRUE
TRUE,Chuck,153,lines,looked,FALSE
TRUE,Chuck,153,lines,effing,FALSE
TRUE,Chuck,153,lines,hot,FALSE
TRUE,Chuck,153,lines,night,FALSE
TRUE,Chuck,153,lines,wrong,FALSE
TRUE,Chuck,153,lines,level,FALSE
TRUE,Chuck,153,lines,perfection,FALSE
TRUE,Chuck,153,lines,violated,FALSE
TRUE,Nate,154,lines,deeply,FALSE
TRUE,Nate,154,lines,disturbed,FALSE
TRUE,Chuck,155,lines,telling,FALSE
TRUE,Chuck,155,lines,chance,FALSE
TRUE,Nate,156,lines,girlfriend,FALSE
TRUE,Chuck,157,lines,guys,FALSE
TRUE,Chuck,157,lines,dating,FALSE
TRUE,Chuck,157,lines,kindergarten,FALSE
TRUE,Chuck,157,lines,sealed,FALSE
TRUE,Chuck,157,lines,deal,FALSE
TRUE,Nate,158,lines,seal,FALSE
TRUE,Nate,158,lines,seal,FALSE
TRUE,Dan,163,lines,school,FALSE
TRUE,Dan,163,lines,identical,FALSE
TRUE,Dan,163,lines,uniforms,FALSE
TRUE,Dan,163,lines,tip,FALSE
TRUE,Nate,164,lines,funny,FALSE
TRUE,Dan,166,lines,guys,FALSE
TRUE,Dan,166,lines,wanna,FALSE
TRUE,Dan,166,lines,sit,FALSE
TRUE,Dan,166,lines,lunch,FALSE
FALSE,Isabel,168,lines,cute,FALSE
FALSE,Isabel,168,lines,framed,FALSE
TRUE,Blair,169,lines,bad,FALSE
TRUE,Blair,169,lines,promised,FALSE
TRUE,Serena,173,lines,hey,FALSE
TRUE,Serena,173,lines,guys,FALSE
TRUE,Serena,173,lines,looked,FALSE
TRUE,Serena,173,lines,dining,FALSE
TRUE,Serena,173,lines,hall,FALSE
TRUE,Serena,175,lines,serena,TRUE
TRUE,Jenny,176,lines,uhm,FALSE
TRUE,Jenny,176,lines,jenny,TRUE
TRUE,Serena,178,lines,party,FALSE
TRUE,Blair,179,lines,saturday,FALSE
TRUE,Blair,179,lines,kinda,FALSE
TRUE,Blair,179,lines,invited,FALSE
TRUE,Blair,179,lines,12,FALSE
TRUE,Blair,179,lines,hours,FALSE
TRUE,Blair,179,lines,ago,FALSE
TRUE,Blair,179,lines,boarding,FALSE
TRUE,Blair,179,lines,school,FALSE
TRUE,Blair,179,lines,jenny,TRUE
TRUE,Blair,179,lines,invites,FALSE
TRUE,Jenny,180,lines,uhm,FALSE
TRUE,Serena,184,lines,lot,FALSE
TRUE,Serena,184,lines,stuff,FALSE
TRUE,Blair,186,lines,wait,FALSE
TRUE,Blair,186,lines,lot,FALSE
TRUE,Blair,186,lines,yoghurt,FALSE
TRUE,Blair,186,lines,left,FALSE
TRUE,Serena,187,lines,ahead,FALSE
TRUE,Serena,189,lines,blair,TRUE
TRUE,Serena,189,lines,meet,FALSE
TRUE,Serena,189,lines,tonight,FALSE
TRUE,Blair,190,lines,love,FALSE
TRUE,Blair,190,lines,nate,TRUE
TRUE,Blair,190,lines,tonight,FALSE
TRUE,Serena,191,lines,palace,FALSE
TRUE,Serena,191,lines,8,FALSE
TRUE,Serena,191,lines,o'clock,FALSE
TRUE,Serena,191,lines,nate,TRUE
TRUE,Serena,191,lines,wait,FALSE
TRUE,Gossip Girl,192,voice over,spotted,FALSE
TRUE,Gossip Girl,192,voice over,steps,FALSE
TRUE,Gossip Girl,192,voice over,met,FALSE
TRUE,Gossip Girl,192,voice over,serena,TRUE
TRUE,Gossip Girl,192,voice over,blair,TRUE
TRUE,Gossip Girl,192,voice over,power,FALSE
TRUE,Gossip Girl,192,voice over,struggle,FALSE
TRUE,Blair,193,lines,half,FALSE
TRUE,Blair,193,lines,hour,FALSE
TRUE,Gossip Girl,194,voice over,serena,TRUE
TRUE,Gossip Girl,194,voice over,waltz,FALSE
TRUE,Gossip Girl,194,voice over,home,FALSE
TRUE,Serena,195,lines,time,FALSE
TRUE,Blair,196,lines,friend,FALSE
TRUE,Gossip Girl,197,voice over,blair,TRUE
TRUE,Gossip Girl,197,voice over,serena,TRUE
TRUE,Gossip Girl,197,voice over,fight,FALSE
TRUE,Gossip Girl,197,voice over,hotties,FALSE
TRUE,Gossip Girl,197,voice over,gossip girl,TRUE
TRUE,Gossip Girl,197,voice over,likes,FALSE
TRUE,Gossip Girl,197,voice over,catfight,FALSE
TRUE,Gossip Girl,197,voice over,classic,FALSE
TRUE,Dan,199,lines,uh,FALSE
TRUE,Dan,199,lines,dad,FALSE
TRUE,Dan,199,lines,called,FALSE
TRUE,Dan,199,lines,myspace,FALSE
TRUE,Dan,199,lines,post,FALSE
TRUE,Dan,199,lines,information,FALSE
TRUE,Dan,199,lines,online,FALSE
TRUE,Dan,199,lines,save,FALSE
TRUE,Dan,199,lines,trees,FALSE
TRUE,Dan,199,lines,blog,FALSE
TRUE,Rufus,200,lines,musicians,FALSE
TRUE,Rufus,200,lines,blogs,FALSE
TRUE,Rufus,200,lines,picked,FALSE
TRUE,Rufus,200,lines,guitars,FALSE
TRUE,Rufus,200,lines,music,FALSE
TRUE,Rufus,200,lines,business,FALSE
TRUE,Rufus,200,lines,shape,FALSE
TRUE,Dan,201,lines,true,FALSE
TRUE,Dan,201,lines,relic,FALSE
TRUE,Rufus,202,lines,son,FALSE
TRUE,Dan,204,lines,hey,FALSE
TRUE,Dan,204,lines,dad,FALSE
TRUE,Dan,204,lines,listen,FALSE
TRUE,Dan,204,lines,uhm,FALSE
TRUE,Dan,204,lines,run,FALSE
TRUE,Rufus,205,lines,yeah,FALSE
TRUE,Rufus,205,lines,mom,FALSE
TRUE,Rufus,205,lines,free,FALSE
TRUE,Rufus,205,lines,spirit,FALSE
TRUE,Rufus,205,lines,reasons,FALSE
TRUE,Rufus,205,lines,fell,FALSE
TRUE,Dan,206,lines,meant,FALSE
TRUE,Dan,206,lines,flyers,FALSE
TRUE,Rufus,207,lines,luckily,FALSE
TRUE,Rufus,207,lines,staple,FALSE
TRUE,Rufus,207,lines,guns,FALSE
TRUE,Rufus,207,lines,school,FALSE
TRUE,Rufus,207,lines,gonna,FALSE
TRUE,Rufus,207,lines,fine,FALSE
TRUE,Serena,209,lines,talked,FALSE
TRUE,Serena,209,lines,nurse,FALSE
TRUE,Serena,209,lines,kidnapping,FALSE
FALSE,Erik,210,lines,shopping,FALSE
TRUE,Serena,211,lines,wendells,FALSE
TRUE,Serena,211,lines,hour,FALSE
TRUE,Serena,211,lines,swear,FALSE
TRUE,Serena,211,lines,bad,FALSE
TRUE,Serena,211,lines,day,FALSE
FALSE,Erik,212,lines,day,FALSE
FALSE,Erik,212,lines,couple,FALSE
FALSE,Erik,212,lines,pills,FALSE
FALSE,Erik,212,lines,bunch,FALSE
FALSE,Erik,212,lines,rorschach,FALSE
FALSE,Erik,212,lines,tests,FALSE
FALSE,Erik,212,lines,green,FALSE
FALSE,Erik,212,lines,jelly,FALSE
FALSE,Erik,212,lines,lunch,FALSE
TRUE,Serena,213,lines,mmh,FALSE
TRUE,Serena,213,lines,yummy,FALSE
TRUE,Serena,213,lines,save,FALSE
TRUE,Serena,213,lines,mom,FALSE
TRUE,Dan,215,lines,jenny,TRUE
TRUE,Dan,215,lines,wrong,FALSE
TRUE,Dan,217,lines,wait,FALSE
TRUE,Dan,217,lines,wait,FALSE
TRUE,Dan,217,lines,emergency,FALSE
TRUE,Jenny,218,lines,fashion,FALSE
TRUE,Jenny,218,lines,emergency,FALSE
TRUE,Jenny,218,lines,dance,FALSE
TRUE,Jenny,220,lines,yeah,FALSE
TRUE,Jenny,220,lines,mom,FALSE
TRUE,Jenny,220,lines,dad,FALSE
TRUE,Jenny,220,lines,allergic,FALSE
TRUE,Jenny,220,lines,department,FALSE
TRUE,Jenny,220,lines,stores,FALSE
TRUE,Dan,221,lines,jenny,TRUE
TRUE,Jenny,222,lines,bad,FALSE
TRUE,Jenny,222,lines,rent,FALSE
TRUE,Jenny,222,lines,sew,FALSE
TRUE,Jenny,224,lines,gosh,FALSE
TRUE,Jenny,224,lines,serena,TRUE
TRUE,Jenny,224,lines,serena,TRUE
TRUE,Serena,226,lines,hey,FALSE
TRUE,Serena,226,lines,hey,FALSE
TRUE,Serena,226,lines,jenny,TRUE
TRUE,Jenny,227,lines,yeah,FALSE
FALSE,Erik,229,lines,stylist,FALSE
FALSE,Erik,229,lines,personal,FALSE
FALSE,Erik,229,lines,shopper,FALSE
FALSE,Erik,229,lines,erik,FALSE
TRUE,Jenny,230,lines,uhm,FALSE
TRUE,Jenny,230,lines,brother,FALSE
TRUE,Serena,232,lines,dress,FALSE
TRUE,Serena,232,lines,kiss,FALSE
TRUE,Serena,232,lines,lips,FALSE
TRUE,Serena,232,lines,party,FALSE
TRUE,Jenny,233,lines,sort,FALSE
TRUE,Jenny,233,lines,speaking,FALSE
TRUE,Jenny,235,lines,free,FALSE
TRUE,Jenny,235,lines,period,FALSE
TRUE,Jenny,238,lines,dan,TRUE
TRUE,Jenny,238,lines,dan,TRUE
TRUE,Serena,240,lines,jenny,TRUE
TRUE,Serena,240,lines,dress,FALSE
TRUE,Serena,240,lines,black,FALSE
TRUE,Jenny,241,lines,black,FALSE
TRUE,Jenny,241,lines,cool,FALSE
TRUE,Chuck,243,lines,stuff,FALSE
TRUE,Nate,244,lines,yeah,FALSE
TRUE,Nate,244,lines,gonna,FALSE
TRUE,Nate,244,lines,blair,TRUE
TRUE,Nate,244,lines,mom,FALSE
TRUE,Nate,244,lines,country,FALSE
TRUE,Nate,244,lines,house,FALSE
TRUE,Chuck,245,lines,yeah,FALSE
TRUE,Chuck,245,lines,swipe,FALSE
TRUE,Chuck,245,lines,dad,FALSE
TRUE,Chuck,245,lines,viagra,FALSE
TRUE,Chuck,245,lines,mom,FALSE
TRUE,Chuck,245,lines,paxils,FALSE
TRUE,Chuck,245,lines,nathaniel,FALSE
TRUE,Chuck,245,lines,finally,FALSE
TRUE,Chuck,245,lines,sex,FALSE
TRUE,Chuck,245,lines,girlfriend,FALSE
TRUE,Chuck,245,lines,heading,FALSE
TRUE,Chuck,245,lines,execution,FALSE
TRUE,Chuck,247,lines,talk,FALSE
TRUE,Chuck,247,lines,chuck,TRUE
TRUE,Chuck,247,lines,buddy,FALSE
TRUE,Chuck,247,lines,blair,TRUE
TRUE,Chuck,247,lines,dating,FALSE
TRUE,Chuck,247,lines,forever,FALSE
TRUE,Chuck,247,lines,sudden,FALSE
TRUE,Nate,248,lines,feel,FALSE
TRUE,Nate,248,lines,lives,FALSE
TRUE,Nate,248,lines,planned,FALSE
TRUE,Nate,248,lines,gonna,FALSE
TRUE,Nate,248,lines,parents,FALSE
TRUE,Chuck,249,lines,dark,FALSE
TRUE,Nate,250,lines,entitled,FALSE
TRUE,Nate,250,lines,choose,FALSE
TRUE,Nate,250,lines,happy,FALSE
TRUE,Chuck,251,lines,easy,FALSE
TRUE,Chuck,251,lines,socrates,FALSE
TRUE,Chuck,251,lines,entitled,FALSE
TRUE,Chuck,251,lines,trust,FALSE
TRUE,Chuck,251,lines,fund,FALSE
TRUE,Chuck,251,lines,house,FALSE
TRUE,Chuck,251,lines,hamptons,FALSE
TRUE,Chuck,251,lines,prescription,FALSE
TRUE,Chuck,251,lines,drug,FALSE
TRUE,Chuck,251,lines,happiness,FALSE
TRUE,Chuck,251,lines,menu,FALSE
TRUE,Chuck,251,lines,smoke,FALSE
TRUE,Chuck,251,lines,seal,FALSE
TRUE,Chuck,251,lines,deal,FALSE
TRUE,Chuck,251,lines,blair,TRUE
TRUE,Chuck,251,lines,entitled,FALSE
TRUE,Chuck,251,lines,tab,FALSE
TRUE,Chuck,251,lines,ass,FALSE
TRUE,Serena,253,lines,mom,FALSE
TRUE,Serena,253,lines,divorce,FALSE
TRUE,Blair,254,lines,dad,FALSE
TRUE,Blair,254,lines,left,FALSE
TRUE,Blair,254,lines,lost,FALSE
TRUE,Blair,254,lines,15,FALSE
TRUE,Blair,254,lines,pounds,FALSE
TRUE,Blair,254,lines,eye,FALSE
TRUE,Blair,254,lines,lift,FALSE
TRUE,Blair,256,lines,yeah,FALSE
TRUE,Blair,256,lines,call,FALSE
TRUE,Blair,256,lines,write,FALSE
TRUE,Blair,256,lines,entire,FALSE
TRUE,Blair,256,lines,time,FALSE
TRUE,Blair,256,lines,happening,FALSE
TRUE,Serena,257,lines,boarding,FALSE
TRUE,Serena,257,lines,school,FALSE
TRUE,Blair,258,lines,boarding,FALSE
TRUE,Blair,258,lines,school,FALSE
TRUE,Blair,258,lines,begin,FALSE
TRUE,Blair,258,lines,calling,FALSE
TRUE,Blair,258,lines,house,FALSE
TRUE,Blair,258,lines,school,FALSE
TRUE,Blair,258,lines,mom,FALSE
TRUE,Blair,258,lines,serena,TRUE
TRUE,Blair,258,lines,moved,FALSE
TRUE,Blair,258,lines,connecticut,FALSE
TRUE,Serena,259,lines,trust,FALSE
TRUE,Blair,260,lines,trust,FALSE
TRUE,Blair,260,lines,feel,FALSE
TRUE,Serena,261,lines,fix,FALSE
TRUE,Serena,261,lines,school,FALSE
TRUE,Serena,261,lines,katy,FALSE
TRUE,Serena,263,lines,miss,FALSE
TRUE,Serena,263,lines,walking,FALSE
TRUE,Serena,263,lines,school,FALSE
TRUE,Serena,263,lines,togheter,FALSE
TRUE,Serena,263,lines,dancing,FALSE
TRUE,Serena,263,lines,tables,FALSE
TRUE,Serena,263,lines,bungalow,FALSE
TRUE,Serena,263,lines,nights,FALSE
TRUE,Serena,263,lines,mom,FALSE
TRUE,Serena,263,lines,country,FALSE
TRUE,Serena,263,lines,house,FALSE
TRUE,Serena,263,lines,sister,FALSE
TRUE,Serena,263,lines,families,FALSE
TRUE,Blair,264,lines,missed,FALSE
TRUE,Blair,264,lines,classic,FALSE
TRUE,Blair,264,lines,eleanor,FALSE
TRUE,Blair,264,lines,waldorf,FALSE
TRUE,Blair,264,lines,melt,FALSE
TRUE,Blair,264,lines,tragedy,FALSE
TRUE,Blair,264,lines,funny,FALSE
TRUE,Blair,264,lines,kinda,FALSE
TRUE,Blair,266,lines,meet,FALSE
TRUE,Blair,266,lines,nate,TRUE
TRUE,Blair,266,lines,special,FALSE
TRUE,Serena,269,lines,love,FALSE
TRUE,Serena,269,lines,blair,TRUE
TRUE,Blair,270,lines,love,FALSE
TRUE,Blair,270,lines,serena,TRUE
TRUE,Gossip Girl,272,voice over,spotted,FALSE
TRUE,Gossip Girl,272,voice over,palace,FALSE
TRUE,Gossip Girl,272,voice over,hotel,FALSE
TRUE,Gossip Girl,272,voice over,serena,TRUE
TRUE,Gossip Girl,272,voice over,blair,TRUE
TRUE,Gossip Girl,272,voice over,heart,FALSE
TRUE,Gossip Girl,272,voice over,heart,FALSE
TRUE,Gossip Girl,274,voice over,hmm,FALSE
TRUE,Gossip Girl,274,voice over,thirsty,FALSE
TRUE,Gossip Girl,274,voice over,serena,TRUE
TRUE,Gossip Girl,274,voice over,won,FALSE
TRUE,Gossip Girl,274,voice over,blair,TRUE
TRUE,Gossip Girl,274,voice over,hiding,FALSE
TRUE,Dan,276,lines,hey,FALSE
TRUE,Jenny,277,lines,ah,FALSE
TRUE,Jenny,277,lines,invisible,FALSE
TRUE,Jenny,277,lines,returns,FALSE
TRUE,Jenny,277,lines,idea,FALSE
TRUE,Jenny,277,lines,move,FALSE
TRUE,Jenny,277,lines,fast,FALSE
TRUE,Dan,278,lines,yeah,FALSE
TRUE,Dan,278,lines,fashion,FALSE
TRUE,Dan,278,lines,emergency,FALSE
TRUE,Dan,278,lines,solved,FALSE
TRUE,Dan,278,lines,figured,FALSE
TRUE,Jenny,279,lines,dan,TRUE
TRUE,Jenny,279,lines,serena,TRUE
TRUE,Jenny,279,lines,9th,FALSE
TRUE,Jenny,279,lines,grade,FALSE
TRUE,Jenny,279,lines,birthday,FALSE
TRUE,Jenny,279,lines,party,FALSE
TRUE,Jenny,279,lines,forgotten,FALSE
TRUE,Dan,280,lines,person,FALSE
TRUE,Dan,280,lines,spoke,FALSE
TRUE,Dan,280,lines,pretty,FALSE
TRUE,Jenny,281,lines,nice,FALSE
TRUE,Dan,282,lines,tad,FALSE
TRUE,Dan,282,lines,overwhelmed,FALSE
TRUE,Dan,282,lines,glitz,FALSE
TRUE,Dan,282,lines,glamour,FALSE
TRUE,Dan,282,lines,humphrey,FALSE
TRUE,Dan,282,lines,lifestyle,FALSE
TRUE,Jenny,283,lines,heard,FALSE
TRUE,Jenny,283,lines,living,FALSE
TRUE,Jenny,283,lines,palace,FALSE
TRUE,Jenny,283,lines,hotel,FALSE
TRUE,Jenny,285,lines,sitting,FALSE
TRUE,Jenny,285,lines,bar,FALSE
TRUE,Jenny,285,lines,sipping,FALSE
TRUE,Jenny,285,lines,martinis,FALSE
TRUE,Jenny,285,lines,kinda,FALSE
TRUE,Jenny,285,lines,sad,FALSE
TRUE,Jenny,285,lines,dad,FALSE
TRUE,Jenny,285,lines,gallery,FALSE
TRUE,Jenny,285,lines,late,FALSE
TRUE,Jenny,285,lines,left,FALSE
TRUE,Jenny,285,lines,money,FALSE
TRUE,Jenny,285,lines,dinner,FALSE
TRUE,Jenny,285,lines,thinking,FALSE
TRUE,Jenny,285,lines,indian,FALSE
TRUE,Dan,286,lines,gonna,FALSE
TRUE,Chuck,292,lines,love,FALSE
TRUE,Chuck,292,lines,town,FALSE
TRUE,Chuck,292,lines,parents,FALSE
TRUE,Chuck,292,lines,hotel,FALSE
TRUE,Chuck,292,lines,bought,FALSE
TRUE,Chuck,292,lines,serving,FALSE
TRUE,Chuck,292,lines,minors,FALSE
TRUE,Serena,293,lines,drink,FALSE
TRUE,Serena,293,lines,serving,FALSE
TRUE,Serena,293,lines,pigs,FALSE
TRUE,Chuck,294,lines,love,FALSE
TRUE,Chuck,294,lines,talk,FALSE
TRUE,Chuck,294,lines,dirty,FALSE
TRUE,Serena,295,lines,love,FALSE
TRUE,Serena,295,lines,girl,FALSE
TRUE,Serena,295,lines,talks,FALSE
TRUE,Chuck,296,lines,prefer,FALSE
TRUE,Chuck,296,lines,talking,FALSE
TRUE,Serena,297,lines,missed,FALSE
TRUE,Serena,297,lines,witty,FALSE
TRUE,Serena,297,lines,banter,FALSE
TRUE,Chuck,298,lines,catch,FALSE
TRUE,Chuck,298,lines,clothes,FALSE
TRUE,Chuck,298,lines,stare,FALSE
TRUE,Serena,299,lines,bit,FALSE
TRUE,Serena,299,lines,eat,FALSE
TRUE,Serena,299,lines,drinking,FALSE
TRUE,Serena,299,lines,empty,FALSE
TRUE,Serena,299,lines,stomach,FALSE
TRUE,Chuck,300,lines,heard,FALSE
TRUE,Chuck,300,lines,anymore,FALSE
TRUE,Serena,301,lines,special,FALSE
TRUE,Serena,301,lines,occasion,FALSE
TRUE,Chuck,302,lines,grilled,FALSE
TRUE,Chuck,302,lines,cheese,FALSE
TRUE,Chuck,302,lines,truffle,FALSE
TRUE,Chuck,302,lines,oil,FALSE
TRUE,Chuck,302,lines,love,FALSE
TRUE,Chuck,302,lines,truffels,FALSE
TRUE,Serena,303,lines,menue,FALSE
TRUE,Chuck,304,lines,connected,FALSE
TRUE,Serena,305,lines,hungry,FALSE
TRUE,Nate,307,lines,wow,FALSE
TRUE,Blair,310,lines,special,FALSE
TRUE,Blair,312,lines,wrong,FALSE
TRUE,Nate,313,lines,ehm,FALSE
TRUE,Chuck,315,lines,alfonso,FALSE
TRUE,Chuck,315,lines,stud,FALSE
TRUE,Chuck,315,lines,night,FALSE
TRUE,Chuck,315,lines,closing,FALSE
TRUE,Chuck,315,lines,kitchen,FALSE
TRUE,Serena,316,lines,god,FALSE
TRUE,Chuck,317,lines,couple,FALSE
TRUE,Chuck,317,lines,ideas,FALSE
TRUE,Serena,318,lines,sandwich,FALSE
TRUE,Serena,318,lines,chuck,TRUE
TRUE,Serena,320,lines,happening,FALSE
TRUE,Chuck,321,lines,worried,FALSE
TRUE,Chuck,321,lines,nate,TRUE
TRUE,Chuck,323,lines,sheperd,FALSE
TRUE,Chuck,323,lines,wedding,FALSE
TRUE,Chuck,323,lines,left,FALSE
TRUE,Chuck,323,lines,town,FALSE
TRUE,Nate,325,lines,serena,TRUE
TRUE,Nate,325,lines,supposed,FALSE
TRUE,Serena,326,lines,happy,FALSE
TRUE,Serena,326,lines,couple,FALSE
TRUE,Serena,326,lines,catch,FALSE
TRUE,Serena,326,lines,bar,FALSE
TRUE,Serena,326,lines,move,FALSE
TRUE,Nate,331,lines,stop,FALSE
TRUE,Serena,333,lines,nate,TRUE
TRUE,Serena,335,lines,stronger,FALSE
TRUE,Serena,335,lines,alright,FALSE
TRUE,Serena,337,lines,mess,FALSE
TRUE,Blair,341,lines,guys,FALSE
TRUE,Blair,341,lines,kissed,FALSE
TRUE,Chuck,345,lines,friend,FALSE
TRUE,Chuck,345,lines,boyfriend,FALSE
TRUE,Chuck,345,lines,pretty,FALSE
TRUE,Chuck,345,lines,classy,FALSE
TRUE,Chuck,345,lines,serena,TRUE
TRUE,Chuck,345,lines,admit,FALSE
TRUE,Serena,346,lines,change,FALSE
TRUE,Serena,349,lines,stop,FALSE
TRUE,Serena,349,lines,stop,FALSE
TRUE,Serena,349,lines,stop,FALSE
TRUE,Serena,355,lines,chuck,TRUE
TRUE,Gossip Girl,366,voice over,blair,TRUE
TRUE,Gossip Girl,366,voice over,serena,TRUE
TRUE,Gossip Girl,366,voice over,built,FALSE
TRUE,Gossip Girl,366,voice over,bridge,FALSE
TRUE,Gossip Girl,366,voice over,crashing,FALSE
TRUE,Gossip Girl,366,voice over,dry,FALSE
TRUE,Gossip Girl,366,voice over,eyes,FALSE
TRUE,Gossip Girl,366,voice over,kiss,FALSE
TRUE,Gossip Girl,366,voice over,lips,FALSE
TRUE,Gossip Girl,366,voice over,party,FALSE
TRUE,Gossip Girl,366,voice over,corner,FALSE
TRUE,Gossip Girl,366,voice over,loves,FALSE
TRUE,Gossip Girl,366,voice over,parties,FALSE
TRUE,Gossip Girl,366,voice over,gossip girl,TRUE
FALSE,Howie,368,lines,nice,FALSE
FALSE,Howie,368,lines,son,FALSE
TRUE,Nate,369,lines,time,FALSE
FALSE,Howie,370,lines,upbeat,FALSE
FALSE,Howie,370,lines,morning,FALSE
FALSE,Howie,370,lines,fun,FALSE
FALSE,Howie,370,lines,blair,TRUE
FALSE,Howie,370,lines,night,FALSE
TRUE,Nate,371,lines,pretty,FALSE
TRUE,Nate,371,lines,fight,FALSE
FALSE,Howie,372,lines,advice,FALSE
FALSE,Howie,372,lines,apologise,FALSE
FALSE,Howie,372,lines,fault,FALSE
FALSE,Howie,372,lines,flowers,FALSE
FALSE,Howie,372,lines,jewellery,FALSE
FALSE,Howie,372,lines,upset,FALSE
FALSE,Howie,372,lines,mother,FALSE
FALSE,Howie,374,lines,wait,FALSE
FALSE,Howie,374,lines,minute,FALSE
FALSE,Howie,374,lines,guys,FALSE
FALSE,Howie,374,lines,broke,FALSE
TRUE,Nate,375,lines,yeah,FALSE
TRUE,Nate,375,lines,guess,FALSE
FALSE,Howie,376,lines,blair,TRUE
FALSE,Howie,376,lines,girl,FALSE
TRUE,Nate,377,lines,girl,FALSE
FALSE,Howie,378,lines,guys,FALSE
FALSE,Howie,378,lines,dating,FALSE
FALSE,Howie,378,lines,kindergarden,FALSE
TRUE,Nate,379,lines,hearing,FALSE
FALSE,Howie,380,lines,love,FALSE
TRUE,Nate,381,lines,break,FALSE
FALSE,Howie,382,lines,eleanor,FALSE
FALSE,Howie,382,lines,waldorf,FALSE
FALSE,Howie,382,lines,gearing,FALSE
FALSE,Howie,382,lines,company,FALSE
FALSE,Howie,382,lines,public,FALSE
FALSE,Howie,382,lines,cording,FALSE
FALSE,Howie,382,lines,month,FALSE
FALSE,Howie,382,lines,handle,FALSE
FALSE,Howie,382,lines,deal,FALSE
FALSE,Howie,384,lines,bit,FALSE
FALSE,Howie,386,lines,love,FALSE
FALSE,Howie,386,lines,loves,FALSE
FALSE,Howie,386,lines,rough,FALSE
FALSE,Howie,386,lines,patch,FALSE
FALSE,Howie,386,lines,hard,FALSE
FALSE,Howie,386,lines,business,FALSE
FALSE,Howie,386,lines,family,FALSE
FALSE,Howie,386,lines,depending,FALSE
FALSE,Concierge,388,lines,miss,FALSE
FALSE,Concierge,388,lines,van,FALSE
FALSE,Concierge,388,lines,der,FALSE
FALSE,Concierge,388,lines,woodsen,FALSE
FALSE,Concierge,388,lines,read,FALSE
FALSE,Concierge,388,lines,guest,FALSE
FALSE,Concierge,388,lines,hotel,FALSE
TRUE,Dan,389,lines,uhm,FALSE
TRUE,Dan,389,lines,prince,FALSE
TRUE,Dan,389,lines,charming,FALSE
TRUE,Dan,389,lines,found,FALSE
TRUE,Dan,389,lines,cinderella,FALSE
TRUE,Dan,389,lines,slipper,FALSE
TRUE,Dan,389,lines,accuse,FALSE
TRUE,Dan,389,lines,foot,FALSE
TRUE,Dan,389,lines,fetish,FALSE
FALSE,Concierge,390,lines,prince,FALSE
FALSE,Concierge,390,lines,charming,FALSE
FALSE,Concierge,390,lines,miss,FALSE
FALSE,Concierge,390,lines,van,FALSE
FALSE,Concierge,390,lines,der,FALSE
FALSE,Concierge,390,lines,woodsen,FALSE
FALSE,Concierge,392,lines,serena,TRUE
TRUE,Dan,396,lines,cool,FALSE
TRUE,Dan,396,lines,fine,FALSE
TRUE,Serena,397,lines,uhm,FALSE
TRUE,Serena,397,lines,night,FALSE
TRUE,Dan,398,lines,remember,FALSE
TRUE,Dan,400,lines,remembers,FALSE
FALSE,Concierge,401,lines,claims,FALSE
FALSE,Concierge,401,lines,found,FALSE
FALSE,Concierge,401,lines,cell,FALSE
FALSE,Concierge,401,lines,phone,FALSE
TRUE,Serena,402,lines,found,FALSE
TRUE,Serena,404,lines,hey,FALSE
TRUE,Serena,404,lines,mom,FALSE
TRUE,Lily,405,lines,guess,FALSE
TRUE,Lily,405,lines,found,FALSE
TRUE,Lily,405,lines,dress,FALSE
TRUE,Lily,405,lines,kiss,FALSE
TRUE,Lily,405,lines,lips,FALSE
TRUE,Lily,405,lines,invitation,FALSE
TRUE,Lily,405,lines,nightstand,FALSE
TRUE,Serena,406,lines,uhm,FALSE
TRUE,Lily,407,lines,blair,TRUE
TRUE,Lily,407,lines,throwing,FALSE
TRUE,Serena,408,lines,yeah,FALSE
TRUE,Serena,408,lines,uhm,FALSE
TRUE,Serena,408,lines,time,FALSE
TRUE,Serena,408,lines,invitation,FALSE
TRUE,Serena,408,lines,uhm,FALSE
TRUE,Serena,408,lines,plans,FALSE
TRUE,Lily,409,lines,plans,FALSE
TRUE,Serena,410,lines,friend,FALSE
TRUE,Dan,411,lines,eh,FALSE
TRUE,Dan,411,lines,yeah,FALSE
TRUE,Dan,411,lines,nice,FALSE
TRUE,Dan,411,lines,meet,FALSE
TRUE,Dan,411,lines,misses,FALSE
TRUE,Dan,411,lines,van,FALSE
TRUE,Dan,411,lines,der,FALSE
TRUE,Dan,411,lines,woodsen,FALSE
TRUE,Dan,411,lines,dan,TRUE
TRUE,Dan,411,lines,humphrey,FALSE
TRUE,Lily,412,lines,dan,TRUE
TRUE,Lily,412,lines,humphrey,FALSE
TRUE,Serena,413,lines,uhm,FALSE
TRUE,Dan,415,lines,eh,FALSE
TRUE,Dan,415,lines,concert,FALSE
TRUE,Dan,415,lines,tonight,FALSE
TRUE,Lily,416,lines,lincon,FALSE
TRUE,Lily,416,lines,hawk,FALSE
TRUE,Dan,417,lines,yeah,FALSE
TRUE,Dan,417,lines,rolling,FALSE
TRUE,Dan,417,lines,stone,FALSE
TRUE,Dan,417,lines,named,FALSE
TRUE,Dan,417,lines,top,FALSE
TRUE,Dan,417,lines,10,FALSE
TRUE,Dan,417,lines,forgotten,FALSE
TRUE,Dan,417,lines,bands,FALSE
TRUE,Dan,417,lines,90s,FALSE
TRUE,Serena,418,lines,whooh,FALSE
TRUE,Serena,418,lines,huge,FALSE
TRUE,Serena,418,lines,fan,FALSE
TRUE,Dan,419,lines,uh,FALSE
TRUE,Dan,419,lines,hum,FALSE
TRUE,Lily,420,lines,party,FALSE
TRUE,Lily,420,lines,perfect,FALSE
TRUE,Lily,420,lines,opportunity,FALSE
TRUE,Lily,420,lines,announce,FALSE
TRUE,Lily,420,lines,return,FALSE
TRUE,Lily,420,lines,guess,FALSE
TRUE,Lily,420,lines,dress,FALSE
TRUE,Dan,423,lines,yeah,FALSE
TRUE,Serena,425,lines,pick,FALSE
TRUE,Dan,426,lines,guy,FALSE
TRUE,Serena,427,lines,worse,FALSE
TRUE,Serena,427,lines,guys,FALSE
TRUE,Nate,429,lines,meeting,FALSE
TRUE,Nate,429,lines,blair,TRUE
TRUE,Nate,429,lines,hurt,FALSE
TRUE,Nate,429,lines,fix,FALSE
TRUE,Blair,430,lines,gonna,FALSE
TRUE,Nate,431,lines,gonna,FALSE
TRUE,Nate,431,lines,past,FALSE
TRUE,Nate,431,lines,gonna,FALSE
TRUE,Nate,431,lines,serena,TRUE
TRUE,Nate,431,lines,talk,FALSE
TRUE,Nate,431,lines,exist,FALSE
TRUE,Blair,432,lines,idea,FALSE
TRUE,Blair,432,lines,mention,FALSE
TRUE,Blair,432,lines,gonna,FALSE
TRUE,Blair,432,lines,eat,FALSE
TRUE,Nate,434,lines,pretty,FALSE
TRUE,Nate,434,lines,upset,FALSE
TRUE,Nate,434,lines,night,FALSE
TRUE,Nate,434,lines,talk,FALSE
TRUE,Blair,435,lines,talk,FALSE
TRUE,Blair,435,lines,overreacted,FALSE
TRUE,Blair,435,lines,past,FALSE
TRUE,Blair,435,lines,past,FALSE
TRUE,Blair,435,lines,feelings,FALSE
TRUE,Blair,435,lines,anymore,FALSE
TRUE,Blair,435,lines,feel,FALSE
TRUE,Blair,435,lines,bad,FALSE
TRUE,Blair,435,lines,serena,TRUE
TRUE,Blair,435,lines,miss,FALSE
TRUE,Blair,435,lines,time,FALSE
TRUE,Blair,435,lines,limo,FALSE
TRUE,Blair,437,lines,perfect,FALSE
TRUE,Rufus,439,lines,lily,TRUE
TRUE,Rufus,439,lines,shopping,FALSE
TRUE,Rufus,439,lines,art,FALSE
TRUE,Rufus,439,lines,match,FALSE
TRUE,Rufus,439,lines,furniture,FALSE
TRUE,Lily,440,lines,dauthter,FALSE
TRUE,Lily,440,lines,concerts,FALSE
TRUE,Rufus,441,lines,awesome,FALSE
TRUE,Lily,442,lines,son,FALSE
TRUE,Rufus,443,lines,dan,TRUE
TRUE,Rufus,443,lines,date,FALSE
TRUE,Rufus,443,lines,serena,TRUE
TRUE,Lily,444,lines,hmm,FALSE
TRUE,Rufus,445,lines,kids,FALSE
TRUE,Rufus,445,lines,meet,FALSE
TRUE,Rufus,445,lines,island,FALSE
TRUE,Lily,446,lines,ploy,FALSE
TRUE,Lily,446,lines,daughter,FALSE
TRUE,Lily,446,lines,wife,FALSE
TRUE,Lily,446,lines,left,FALSE
TRUE,Rufus,447,lines,alison,FALSE
TRUE,Lily,448,lines,island,FALSE
TRUE,Rufus,449,lines,hear,FALSE
TRUE,Rufus,449,lines,alison,FALSE
TRUE,Rufus,449,lines,daughter,FALSE
TRUE,Rufus,449,lines,excuse,FALSE
TRUE,Rufus,449,lines,start,FALSE
TRUE,Lily,450,lines,yeah,FALSE
TRUE,Lily,450,lines,dream,FALSE
TRUE,Rufus,451,lines,dreams,FALSE
TRUE,Rufus,451,lines,lily,TRUE
TRUE,Rufus,451,lines,occurs,FALSE
TRUE,Rufus,451,lines,finding,FALSE
TRUE,Rufus,451,lines,inch,FALSE
TRUE,Rufus,451,lines,nails,FALSE
TRUE,Rufus,451,lines,bus,FALSE
TRUE,Rufus,451,lines,shoes,FALSE
TRUE,Rufus,451,lines,earrings,FALSE
TRUE,Rufus,451,lines,trent,FALSE
TRUE,Rufus,451,lines,reznor,FALSE
TRUE,Rufus,451,lines,happened,FALSE
TRUE,Lily,452,lines,rehash,FALSE
TRUE,Lily,452,lines,details,FALSE
TRUE,Lily,452,lines,decades,FALSE
TRUE,Lily,452,lines,pass,FALSE
TRUE,Lily,452,lines,moved,FALSE
TRUE,Rufus,453,lines,yeah,FALSE
TRUE,Rufus,453,lines,chanterlane,FALSE
TRUE,Rufus,453,lines,paris,FALSE
TRUE,Rufus,453,lines,switched,FALSE
TRUE,Rufus,453,lines,rock,FALSE
TRUE,Rufus,453,lines,stars,FALSE
TRUE,Rufus,453,lines,billionaires,FALSE
TRUE,Lily,454,lines,cute,FALSE
TRUE,Lily,454,lines,washed,FALSE
TRUE,Lily,454,lines,band,FALSE
TRUE,Lily,454,lines,crappy,FALSE
TRUE,Lily,454,lines,called,FALSE
TRUE,Lily,454,lines,art,FALSE
TRUE,Lily,454,lines,gallery,FALSE
TRUE,Rufus,455,lines,settlements,FALSE
TRUE,Rufus,455,lines,mulitple,FALSE
TRUE,Rufus,455,lines,divorc√©s,FALSE
TRUE,Rufus,455,lines,sustain,FALSE
TRUE,Lily,456,lines,stay,FALSE
TRUE,Lily,456,lines,life,FALSE
TRUE,Lily,456,lines,rufus,TRUE
TRUE,Jenny,458,lines,serena,TRUE
TRUE,Jenny,458,lines,kiss,FALSE
TRUE,Jenny,458,lines,lips,FALSE
TRUE,Jenny,458,lines,family,FALSE
TRUE,Jenny,458,lines,cool,FALSE
TRUE,Dan,459,lines,listen,FALSE
TRUE,Dan,459,lines,late,FALSE
TRUE,Dan,462,lines,concert,FALSE
TRUE,Dan,462,lines,dad,FALSE
TRUE,Rufus,463,lines,uhm,FALSE
TRUE,Rufus,463,lines,rufus,TRUE
TRUE,Rufus,463,lines,jenny,TRUE
TRUE,Rufus,463,lines,walks,FALSE
TRUE,Rufus,464,lines,god,FALSE
TRUE,Rufus,464,lines,daughter,FALSE
TRUE,Rufus,464,lines,woman,FALSE
TRUE,Jenny,465,lines,dad,FALSE
TRUE,Jenny,465,lines,nice,FALSE
TRUE,Jenny,465,lines,sermon,FALSE
TRUE,Jenny,465,lines,passage,FALSE
TRUE,Jenny,465,lines,time,FALSE
TRUE,Rufus,466,lines,mother,FALSE
FALSE,Eleanor,469,lines,blair,TRUE
FALSE,Eleanor,469,lines,wearing,FALSE
FALSE,Eleanor,469,lines,dress,FALSE
FALSE,Eleanor,469,lines,left,FALSE
FALSE,Eleanor,469,lines,bed,FALSE
FALSE,Eleanor,471,lines,elegant,FALSE
FALSE,Eleanor,471,lines,choice,FALSE
TRUE,Blair,472,lines,care,FALSE
FALSE,Eleanor,473,lines,love,FALSE
FALSE,Eleanor,473,lines,blair,TRUE
FALSE,Eleanor,473,lines,beautiful,FALSE
FALSE,Eleanor,473,lines,thin,FALSE
FALSE,Eleanor,473,lines,happy,FALSE
TRUE,Blair,474,lines,guess,FALSE
TRUE,Blair,474,lines,time,FALSE
TRUE,Blair,474,lines,change,FALSE
FALSE,Eleanor,475,lines,product,FALSE
FALSE,Eleanor,475,lines,hair,FALSE
FALSE,Eleanor,475,lines,dry,FALSE
TRUE,Chuck,479,lines,newbie,FALSE
FALSE,Katy,480,lines,jenny,TRUE
FALSE,Katy,480,lines,humphrey,FALSE
FALSE,Katy,480,lines,freshman,FALSE
TRUE,Chuck,481,lines,love,FALSE
TRUE,Chuck,481,lines,freshman,FALSE
FALSE,Isabel,482,lines,fresh,FALSE
TRUE,Chuck,483,lines,gossip girl,TRUE
FALSE,Isabel,485,lines,mmh,FALSE
FALSE,Isabel,485,lines,till,FALSE
TRUE,Chuck,487,lines,chuck,TRUE
TRUE,Jenny,488,lines,uhm,FALSE
TRUE,Jenny,488,lines,jenny,TRUE
TRUE,Chuck,489,lines,nice,FALSE
TRUE,Chuck,489,lines,meet,FALSE
TRUE,Gossip Girl,492,voice over,jenny,TRUE
TRUE,Gossip Girl,492,voice over,boy,FALSE
TRUE,Gossip Girl,492,voice over,ticket,FALSE
TRUE,Gossip Girl,492,voice over,circle,FALSE
TRUE,Gossip Girl,492,voice over,chuck,TRUE
TRUE,Gossip Girl,492,voice over,victim,FALSE
TRUE,Gossip Girl,492,voice over,told,FALSE
TRUE,Gossip Girl,492,voice over,love,FALSE
TRUE,Gossip Girl,492,voice over,parties,FALSE
TRUE,Serena,494,lines,overdressed,FALSE
TRUE,Dan,495,lines,honestly,FALSE
TRUE,Dan,495,lines,appearance,FALSE
TRUE,Dan,495,lines,hey,FALSE
TRUE,Dan,495,lines,meet,FALSE
TRUE,Dan,495,lines,guys,FALSE
TRUE,Dan,495,lines,band,FALSE
TRUE,Serena,496,lines,groupie,FALSE
TRUE,Dan,499,lines,serena,TRUE
TRUE,Dan,499,lines,meet,FALSE
TRUE,Dan,499,lines,rufus,TRUE
TRUE,Dan,499,lines,humphrey,FALSE
TRUE,Dan,499,lines,dad,FALSE
TRUE,Dan,499,lines,serena,TRUE
TRUE,Rufus,500,lines,serena,TRUE
TRUE,Rufus,500,lines,van,FALSE
TRUE,Rufus,500,lines,der,FALSE
TRUE,Rufus,500,lines,woodsen,FALSE
TRUE,Rufus,500,lines,nice,FALSE
TRUE,Rufus,500,lines,meet,FALSE
TRUE,Serena,501,lines,nice,FALSE
TRUE,Serena,501,lines,meet,FALSE
TRUE,Rufus,502,lines,guys,FALSE
TRUE,Rufus,502,lines,gonna,FALSE
TRUE,Rufus,502,lines,stage,FALSE
TRUE,Dan,503,lines,yeah,FALSE
TRUE,Dan,503,lines,slightly,FALSE
TRUE,Dan,503,lines,overbudgeted,FALSE
TRUE,Dan,503,lines,travel,FALSE
TRUE,Dan,503,lines,time,FALSE
FALSE,Rufus' Bandmate,505,lines,hey,FALSE
TRUE,Rufus,506,lines,tune,FALSE
TRUE,Rufus,506,lines,excuse,FALSE
TRUE,Rufus,506,lines,enjoy,FALSE
TRUE,Rufus,506,lines,son,FALSE
TRUE,Rufus,506,lines,talk,FALSE
TRUE,Dan,508,lines,yeah,FALSE
TRUE,Serena,509,lines,meet,FALSE
TRUE,Serena,509,lines,dad,FALSE
TRUE,Serena,509,lines,date,FALSE
TRUE,Dan,510,lines,date,FALSE
TRUE,Dan,510,lines,ah,FALSE
TRUE,Dan,510,lines,worn,FALSE
TRUE,Dan,510,lines,loafers,FALSE
TRUE,Dan,510,lines,dress,FALSE
TRUE,Dan,510,lines,bit,FALSE
TRUE,Chuck,512,lines,talk,FALSE
TRUE,Chuck,512,lines,private,FALSE
TRUE,Jenny,515,lines,quieter,FALSE
TRUE,Chuck,516,lines,pretty,FALSE
TRUE,Jenny,518,lines,talk,FALSE
TRUE,Jenny,518,lines,uhm,FALSE
TRUE,Jenny,518,lines,talk,FALSE
TRUE,Chuck,521,lines,cool,FALSE
TRUE,Chuck,521,lines,start,FALSE
TRUE,Jenny,522,lines,yeah,FALSE
TRUE,Jenny,522,lines,uhm,FALSE
TRUE,Jenny,522,lines,wanna,FALSE
TRUE,Jenny,522,lines,start,FALSE
TRUE,Jenny,522,lines,party,FALSE
TRUE,Chuck,523,lines,eh,FALSE
TRUE,Chuck,523,lines,glass,FALSE
TRUE,Chuck,523,lines,champagne,FALSE
TRUE,Dan,530,lines,uhm,FALSE
TRUE,Dan,530,lines,sister,FALSE
TRUE,Dan,530,lines,nice,FALSE
TRUE,Serena,531,lines,date,FALSE
TRUE,Serena,531,lines,nice,FALSE
TRUE,Dan,532,lines,uh,FALSE
TRUE,Dan,532,lines,hot,FALSE
TRUE,Dan,532,lines,technically,FALSE
TRUE,Serena,533,lines,uhm,FALSE
TRUE,Serena,533,lines,tortured,FALSE
TRUE,Serena,533,lines,soul,FALSE
TRUE,Serena,533,lines,boy,FALSE
TRUE,Serena,533,lines,superficial,FALSE
TRUE,Dan,534,lines,yeah,FALSE
TRUE,Dan,534,lines,bit,FALSE
TRUE,Serena,539,lines,offer,FALSE
TRUE,Dan,540,lines,sister,FALSE
TRUE,Dan,540,lines,kiss,FALSE
TRUE,Dan,540,lines,lips,FALSE
TRUE,Dan,540,lines,party,FALSE
TRUE,Dan,540,lines,guy,FALSE
TRUE,Dan,540,lines,chuck,TRUE
TRUE,Serena,543,lines,listen,FALSE
TRUE,Serena,543,lines,chuck,TRUE
TRUE,Dan,545,lines,gonna,FALSE
TRUE,Dan,545,lines,lap,FALSE
TRUE,Serena,546,lines,yeah,FALSE
FALSE,Party Guests,548,lines,serena,TRUE
FALSE,Party Guests,548,lines,serena,TRUE
FALSE,Party Guests,548,lines,gosh,FALSE
FALSE,Party Guests,548,lines,blair,TRUE
FALSE,Party Guests,548,lines,invited,FALSE
FALSE,Party Guests,548,lines,wasted,FALSE
FALSE,Party Guests,548,lines,brave,FALSE
FALSE,Isabel and Katy,550,lines,serena,TRUE
TRUE,Blair,551,lines,invited,FALSE
TRUE,Nate,553,lines,blair,TRUE
TRUE,Nate,553,lines,gonna,FALSE
TRUE,Nate,553,lines,kick,FALSE
TRUE,Blair,554,lines,invite,FALSE
TRUE,Nate,555,lines,god,FALSE
TRUE,Nate,555,lines,told,FALSE
TRUE,Blair,556,lines,talk,FALSE
TRUE,Nate,557,lines,walk,FALSE
TRUE,Chuck,561,lines,quiet,FALSE
TRUE,Jenny,562,lines,stop,FALSE
TRUE,Serena,564,lines,hey,FALSE
TRUE,Serena,564,lines,luck,FALSE
TRUE,Serena,566,lines,upstairs,FALSE
TRUE,Dan,568,lines,pointless,FALSE
TRUE,Serena,570,lines,dan,TRUE
TRUE,Serena,572,lines,chuck,TRUE
TRUE,Serena,572,lines,scarf,FALSE
TRUE,Dan,573,lines,god,FALSE
TRUE,Jenny,575,lines,stop,FALSE
TRUE,Dan,576,lines,hey,FALSE
TRUE,Dan,576,lines,jenny,TRUE
TRUE,Serena,577,lines,chuck,TRUE
TRUE,Dan,581,lines,son,FALSE
TRUE,Chuck,582,lines,hell,FALSE
TRUE,Chuck,582,lines,party,FALSE
TRUE,Chuck,582,lines,happen,FALSE
TRUE,Dan,583,lines,times,FALSE
TRUE,Dan,583,lines,class,FALSE
TRUE,Dan,583,lines,dan,TRUE
TRUE,Dan,583,lines,humphrey,FALSE
TRUE,Dan,583,lines,sister,FALSE
TRUE,Serena,585,lines,serena,TRUE
TRUE,Serena,585,lines,pushes,FALSE
TRUE,Serena,585,lines,chuck,TRUE
TRUE,Serena,586,lines,chuck,TRUE
TRUE,Serena,586,lines,touch,FALSE
TRUE,Chuck,587,lines,hey,FALSE
TRUE,Chuck,587,lines,life,FALSE
TRUE,Chuck,587,lines,slut,FALSE
TRUE,Chuck,587,lines,forget,FALSE
TRUE,Jenny,590,lines,yeah,FALSE
TRUE,Jenny,590,lines,home,FALSE
TRUE,Dan,592,lines,shot,FALSE
TRUE,Dan,592,lines,date,FALSE
TRUE,Serena,593,lines,top,FALSE
TRUE,Dan,594,lines,punch,FALSE
TRUE,Serena,595,lines,true,FALSE
TRUE,Serena,595,lines,talk,FALSE
TRUE,Serena,595,lines,cab,FALSE
TRUE,Chuck,598,lines,hoping,FALSE
TRUE,Gossip Girl,600,voice over,spotted,FALSE
TRUE,Gossip Girl,600,voice over,serena,TRUE
TRUE,Gossip Girl,600,voice over,heroic,FALSE
TRUE,Gossip Girl,600,voice over,exit,FALSE
TRUE,Gossip Girl,600,voice over,blair,TRUE
TRUE,Gossip Girl,600,voice over,party,FALSE
TRUE,Gossip Girl,600,voice over,bad,FALSE
TRUE,Gossip Girl,600,voice over,school,FALSE
TRUE,Gossip Girl,600,voice over,monday,FALSE
TRUE,Gossip Girl,600,voice over,time,FALSE
TRUE,Gossip Girl,600,voice over,love,FALSE
TRUE,Gossip Girl,600,voice over,gossip girl,TRUE
